游戏,平台,总数
特工使命,享玩,23
功夫鸡,享玩,23
醉天下,享玩,23
聚乐斗地主或美女斗地主,享玩,23
别吃鸡,享玩,23
西游战记,享玩,23
梦幻水果,享玩,24
八向箭头,享玩,23
红心斗地主,享玩,23
爱玩斗地主,享玩,23
天天捕鱼电玩版,享玩,23
梦幻千炮捕鱼,享玩,23
疯狂水果城,享玩,23
幻想小勇士,享玩,23
疯狂的拍打,享玩,23
欢乐水果,享玩,23
水果武士,享玩,23
疯狂水果,享玩,23
欢乐消水果,享玩,23
触玩斗地主,享玩,23
暴击联盟,享玩,24
水果联盟,享玩,23
水果盛宴大狂欢,享玩,23
麻小宝,享玩,23
小猪酷跑,享玩,23
勇者阿信,享玩,23
欢乐消水果,多游,23
疯狂水果,多游,23
奇奇乐捕鱼,多游,23
小猪酷跑,多游,23
西游战记,多游,23
水果武士,多游,23
别吃鸡,多游,23
八向箭头,多游,24
疯狂的拍打,多游,23
捕鱼来了街机版,多游,23
特工使命,多游,23
全民捕鱼电玩城,多游,23
红心斗地主,多游,23
大富翁电玩捕鱼,多游,23
醉天下,多游,23
触玩斗地主,多游,23
暴击联盟,多游,24
梦幻千炮捕鱼,多游,23
疯狂水果城,多游,23
爱玩斗地主,多游,23
水果联盟,多游,23
聚乐斗地主或美女斗地主,多游,23
幻想小勇士,多游,23
6677捕鱼,多游,23
欢乐水果,多游,23
功夫鸡,多游,23
红心斗地主,爱变现,31
勇者阿信,爱变现,32
水果武士,爱变现,32
疯狂水果城,爱变现,32
疯狂水果,爱变现,31
水果盛宴大狂欢,爱变现,32
天天捕鱼电玩版,爱变现,31
别吃鸡,爱变现,32
聚乐斗地主或美女斗地主,爱变现,31
触玩斗地主,爱变现,31
疯狂的拍打,爱变现,32
6677捕鱼,爱变现,31
奇奇乐捕鱼,爱变现,31
水果联盟,爱变现,32
醉天下,爱变现,32
梦幻水果,爱变现,32
欢乐消水果,爱变现,31
暴击联盟,爱变现,32
欢乐水果,爱变现,32
八向箭头,聚享游,26
幻想小勇士,聚享游,26
麻小宝,聚享游,26
暴击联盟,聚享游,27
聚乐斗地主或美女斗地主,聚享游,26
小猪酷跑,聚享游,26
醉天下,聚享游,26
水果联盟,聚享游,26
欢乐水果,聚享游,26
疯狂水果城,聚享游,26
梦幻水果,聚享游,27
疯狂的拍打,聚享游,26
特工使命,聚享游,26
疯狂水果,聚享游,26
天天捕鱼电玩版,聚享游,26
功夫鸡,聚享游,26
奇奇乐捕鱼,聚享游,26
勇者阿信,聚享游,26
西游战记,聚享游,26
欢乐消水果,聚享游,26
水果武士,聚享游,26
爱玩斗地主,聚享游,26
水果盛宴大狂欢,聚享游,26
